JF715197	k__Fungi;p__Ascomycota;c__Saccharomycetes;o__Saccharomycetales;f__Dipodascaceae;g__Galactomyces;s__Galactomyces_geotrichum	3e-49	HQ589260
New.CleanUp.ReferenceOTU38	k__Fungi;p__Ascomycota;c__Sordariomycetes;o__Xylariales;f__Amphisphaeriaceae;g__Bartalinia;s__Bartalinia_sp_MM_101	2e-37	GU722596
New.CleanUp.ReferenceOTU36	k__Fungi;p__Ascomycota;c__Eurotiomycetes;o__Eurotiales;f__Trichocomaceae;g__Neosartorya;s__Neosartorya_pseudofischeri	2e-34	AF459729
New.CleanUp.ReferenceOTU426	k__Fungi;p__unidentified;c__unidentified;o__unidentified;f__unidentified;g__unidentified;s__unculturedfungus	4e-42	GU370744
New.CleanUp.ReferenceOTU424	k__Fungi;p__unidentified;c__unidentified;o__unidentified;f__unidentified;g__unidentified;s__unculturedfungus	2e-44	GU370744
New.CleanUp.ReferenceOTU425	k__Fungi;p__unidentified;c__unidentified;o__unidentified;f__unidentified;g__unidentified;s__unculturedfungus	4e-42	GU370744
HQ589260	k__Fungi;p__Ascomycota;c__Saccharomycetes;o__Saccharomycetales;f__Dipodascaceae;g__Galactomyces;s__Galactomyces_geotrichum	7e-47	HQ589260
New.CleanUp.ReferenceOTU340	k__Fungi;p__Ascomycota;c__Saccharomycetes;o__Saccharomycetales;f__Dipodascaceae;g__Galactomyces;s__Galactomyces_geotrichum	2e-41	HQ589260
New.CleanUp.ReferenceOTU229	k__Fungi;p__unidentified;c__unidentified;o__unidentified;f__unidentified;g__unidentified;s__unculturedfungus	2e-47	GU370744
New.CleanUp.ReferenceOTU132	k__Fungi;p__unidentified;c__unidentified;o__unidentified;f__unidentified;g__unidentified;s__unculturedfungus	1e-39	GU370744
New.CleanUp.ReferenceOTU136	k__Fungi;p__Ascomycota;c__Saccharomycetes;o__Saccharomycetales;f__Dipodascaceae;g__Galactomyces;s__Galactomyces_geotrichum	2e-41	DQ683114
New.ReferenceOTU0	k__Fungi;p__Ascomycota;c__Saccharomycetes;o__Saccharomycetales;f__Saccharomycetaceae;g__Zygosaccharomyces;s__Zygosaccharomyces_pseudorouxii	4e-42	AM279465
New.ReferenceOTU1	k__Fungi;p__Ascomycota;c__Saccharomycetes;o__Saccharomycetales;f__Dipodascaceae;g__Galactomyces;s__Galactomyces_geotrichum	7e-44	DQ683112
New.ReferenceOTU2	k__Fungi;p__Ascomycota;c__Saccharomycetes;o__Saccharomycetales;f__Dipodascaceae;g__Dipodascus;s__Dipodascus_australiensis	2e-44	AF157596
New.ReferenceOTU3	k__Fungi;p__Ascomycota;c__Saccharomycetes;o__Saccharomycetales;f__Dipodascaceae;g__Galactomyces;s__Galactomyces_geotrichum	4e-42	FJ227897
New.ReferenceOTU4	k__Fungi;p__Ascomycota;c__Saccharomycetes;o__Saccharomycetales;f__Dipodascaceae;g__Galactomyces;s__Galactomyces_geotrichum	2e-40	DQ680681
New.ReferenceOTU5	k__Fungi;p__Ascomycota;c__Saccharomycetes;o__Saccharomycetales;f__Dipodascaceae;g__Galactomyces;s__Galactomyces_geotrichum	7e-44	DQ683114
New.CleanUp.ReferenceOTU250	k__Fungi;p__Ascomycota;c__Saccharomycetes;o__Saccharomycetales;f__Incertae_sedis;g__Candida;s__Candida_catenulata	1e-42	EF199746
HQ124706	k__Fungi;p__Ascomycota;c__Eurotiomycetes;o__Eurotiales;f__Trichocomaceae;g__Penicillium;s__Penicillium_concentricum	2e-44	EU551202
GU370744	k__Fungi;p__unidentified;c__unidentified;o__unidentified;f__unidentified;g__unidentified;s__unculturedfungus	7e-47	GU370744
GU187850	k__Fungi;p__Ascomycota;c__Sordariomycetes;o__Hypocreales;f__Nectriaceae;g__Fusarium;s__Fusarium_sp_JJP_2009a	1e-29	FJ210632
GU721258	k__Fungi;p__Ascomycota;c__Sordariomycetes;o__Hypocreales;f__unidentified;g__unidentified;s__unculturedHypocreales	8e-40	FJ554224
GU187857	k__Fungi;p__Ascomycota;c__Sordariomycetes;o__Xylariales;f__Amphisphaeriaceae;g__Bartalinia;s__Bartalinia_sp_MM_101	7e-37	GU722596
JF439501	k__Fungi;p__unidentified;c__unidentified;o__unidentified;f__unidentified;g__unidentified;s__unculturedfungus	2e-43	GQ999201
New.CleanUp.ReferenceOTU196	k__Fungi;p__Ascomycota;c__Saccharomycetes;o__Saccharomycetales;f__Dipodascaceae;g__Dipodascus;s__Dipodascus_australiensis	2e-34	AF157596
New.CleanUp.ReferenceOTU395	k__Fungi;p__Ascomycota;c__Saccharomycetes;o__Saccharomycetales;f__Saccharomycetaceae;g__Zygosaccharomyces;s__Zygosaccharomyces_pseudorouxii	3e-24	AM279464
New.CleanUp.ReferenceOTU199	k__Fungi;p__Ascomycota;c__Saccharomycetes;o__Saccharomycetales;f__Dipodascaceae;g__Galactomyces;s__Galactomyces_geotrichum	9e-40	HQ589260
New.CleanUp.ReferenceOTU354	k__Fungi;p__Ascomycota;c__Saccharomycetes;o__Saccharomycetales;f__Dipodascaceae;g__Galactomyces;s__Galactomyces_geotrichum	4e-39	DQ683114
GQ376077	k__Fungi;p__Ascomycota;c__Saccharomycetes;o__Saccharomycetales;f__Saccharomycetaceae;g__Kluyveromyces;s__Kluyveromyces_lactis	1e-51	GQ376077
New.CleanUp.ReferenceOTU102	k__Fungi;p__Ascomycota;c__Saccharomycetes;o__Saccharomycetales;f__Dipodascaceae;g__Galactomyces;s__Galactomyces_geotrichum	7e-31	JF907594
New.CleanUp.ReferenceOTU438	k__Fungi;p__unidentified;c__unidentified;o__unidentified;f__unidentified;g__unidentified;s__fungal_sp_BMP2995	3e-39	HQ832978
New.CleanUp.ReferenceOTU109	k__Fungi;p__Ascomycota;c__Saccharomycetes;o__Saccharomycetales;f__Pichiaceae;g__Pichia;s__Pichia_kudriavzevii	1e-42	DQ674351
FJ466715	k__Fungi;p__Ascomycota;c__Sordariomycetes;o__Hypocreales;f__unidentified;g__unidentified;s__unculturedHypocreales	2e-40	FJ554224
FJ760911	k__Fungi;p__Ascomycota;c__Sordariomycetes;o__Xylariales;f__Amphisphaeriaceae;g__Bartalinia;s__Bartalinia_sp_MM_101	3e-42	GU722596
JN905480	k__Fungi;p__unidentified;c__unidentified;o__unidentified;f__unidentified;g__unidentified;s__unculturedfungus	1e-51	JN905480
GQ229082	k__Fungi;p__Ascomycota;c__Eurotiomycetes;o__Eurotiales;f__Trichocomaceae;g__Aspergillus;s__Aspergillus_versicolor	1e-51	GQ229082
New.CleanUp.ReferenceOTU10	k__Fungi;p__unidentified;c__unidentified;o__unidentified;f__unidentified;g__unidentified;s__unculturedfungus	2e-41	GU370744
AB236002	k__Fungi;p__unidentified;c__unidentified;o__unidentified;f__unidentified;g__unidentified;s__unculturedfungus	1e-51	AB236002
New.CleanUp.ReferenceOTU443	k__Fungi;p__Ascomycota;c__Sordariomycetes;o__Hypocreales;f__unidentified;g__unidentified;s__unculturedHypocreales	2e-31	FJ554224
New.CleanUp.ReferenceOTU363	k__Fungi;p__Ascomycota;c__Saccharomycetes;o__Saccharomycetales;f__Dipodascaceae;g__Galactomyces;s__Galactomyces_geotrichum	3e-36	HQ589260
JF907594	k__Fungi;p__Ascomycota;c__Saccharomycetes;o__Saccharomycetales;f__Dipodascaceae;g__Galactomyces;s__Galactomyces_geotrichum	1e-45	DQ680681
New.CleanUp.ReferenceOTU210	k__Fungi;p__unidentified;c__unidentified;o__unidentified;f__unidentified;g__unidentified;s__unculturedfungus	2e-40	GU370744
New.CleanUp.ReferenceOTU215	k__Fungi;p__Ascomycota;c__Saccharomycetes;o__Saccharomycetales;f__Dipodascaceae;g__Galactomyces;s__Galactomyces_geotrichum	4e-39	DQ683114
New.CleanUp.ReferenceOTU180	k__Fungi;p__Ascomycota;c__Eurotiomycetes;o__Eurotiales;f__Trichocomaceae;g__Penicillium;s__Penicillium_sp_PSF31	7e-47	HQ850354
New.CleanUp.ReferenceOTU118	k__Fungi;p__Ascomycota;c__Saccharomycetes;o__Saccharomycetales;f__Dipodascaceae;g__Galactomyces;s__Galactomyces_geotrichum	1e-39	HQ589260
New.CleanUp.ReferenceOTU266	k__Fungi;p__Ascomycota;c__Saccharomycetes;o__Saccharomycetales;f__Dipodascaceae;g__Galactomyces;s__Galactomyces_geotrichum	4e-42	HQ589260
EF199746	k__Fungi;p__Ascomycota;c__Saccharomycetes;o__Saccharomycetales;f__Incertae_sedis;g__Candida;s__Candida_catenulata	7e-50	EF199746
New.CleanUp.ReferenceOTU308	k__Fungi;p__Ascomycota;c__Saccharomycetes;o__Saccharomycetales;f__Dipodascaceae;g__Galactomyces;s__Galactomyces_geotrichum	4e-42	HQ589260
New.CleanUp.ReferenceOTU116	k__Fungi;p__Ascomycota;c__Saccharomycetes;o__Saccharomycetales;f__Dipodascaceae;g__Galactomyces;s__Galactomyces_geotrichum	5e-35	JF907594
New.CleanUp.ReferenceOTU97	k__Fungi;p__Ascomycota;c__Saccharomycetes;o__Saccharomycetales;f__Dipodascaceae;g__Galactomyces;s__Galactomyces_geotrichum	1e-45	DQ680681
EU490021	k__Fungi;p__unidentified;c__unidentified;o__unidentified;f__unidentified;g__unidentified;s__unculturedfungus	3e-49	JN905480
FJ196614	k__Fungi;p__Ascomycota;c__Sordariomycetes;o__Hypocreales;f__Nectriaceae;g__Fusarium;s__Fusarium_sp_JJP_2009a	7e-34	FJ210632
FJ760777	k__Fungi;p__Ascomycota;c__Sordariomycetes;o__Hypocreales;f__unidentified;g__unidentified;s__unculturedHypocreales	3e-39	FJ554224
FR799498	k__Fungi;p__Ascomycota;c__Eurotiomycetes;o__Eurotiales;f__Trichocomaceae;g__Penicillium;s__Penicillium_concentricum	7e-47	EU551202
New.CleanUp.ReferenceOTU373	k__Fungi;p__Ascomycota;c__Saccharomycetes;o__Saccharomycetales;f__Dipodascaceae;g__Galactomyces;s__Galactomyces_geotrichum	3e-43	HQ589260
New.CleanUp.ReferenceOTU371	k__Fungi;p__unidentified;c__unidentified;o__unidentified;f__unidentified;g__unidentified;s__unculturedfungus	1e-39	GU054037
New.CleanUp.ReferenceOTU376	k__Fungi;p__Ascomycota;c__Saccharomycetes;o__Saccharomycetales;f__Dipodascaceae;g__Galactomyces;s__Galactomyces_geotrichum	2e-40	DQ683112
HM037662	k__Fungi;p__unidentified;c__unidentified;o__unidentified;f__unidentified;g__unidentified;s__unculturedsoil_fungus	1e-51	HM037662
DQ980578	k__Fungi;p__unidentified;c__unidentified;o__unidentified;f__unidentified;g__unidentified;s__unculturedsoil_fungus	1e-51	DQ980578
New.CleanUp.ReferenceOTU270	k__Fungi;p__Ascomycota;c__Eurotiomycetes;o__Eurotiales;f__Trichocomaceae;g__Penicillium;s__Penicillium_concentricum	7e-44	EU551202
FN562059	k__Fungi;p__Ascomycota;c__unidentified;o__unidentified;f__unidentified;g__unidentified;s__unculturedAscomycota	1e-51	FN562059
DQ674351	k__Fungi;p__Ascomycota;c__Saccharomycetes;o__Saccharomycetales;f__Pichiaceae;g__Pichia;s__Pichia_kudriavzevii	4e-48	DQ674351
FR799499	k__Fungi;p__unidentified;c__unidentified;o__unidentified;f__unidentified;g__unidentified;s__unculturedfungus	2e-40	GQ999201
New.CleanUp.ReferenceOTU206	k__Fungi;p__Ascomycota;c__Saccharomycetes;o__Saccharomycetales;f__Dipodascaceae;g__Galactomyces;s__Galactomyces_geotrichum	2e-41	HQ589260
New.CleanUp.ReferenceOTU204	k__Fungi;p__unidentified;c__unidentified;o__unidentified;f__unidentified;g__unidentified;s__unculturedfungus	2e-40	GU054037
New.CleanUp.ReferenceOTU205	k__Fungi;p__Ascomycota;c__Saccharomycetes;o__Saccharomycetales;f__Dipodascaceae;g__Galactomyces;s__Galactomyces_geotrichum	2e-40	DQ683114
New.CleanUp.ReferenceOTU202	k__Fungi;p__Ascomycota;c__Saccharomycetes;o__Saccharomycetales;f__Incertae_sedis;g__Candida;s__Candida_catenulata	6e-41	EF199746
New.CleanUp.ReferenceOTU201	k__Fungi;p__Ascomycota;c__Saccharomycetes;o__Saccharomycetales;f__Dipodascaceae;g__Galactomyces;s__Galactomyces_geotrichum	1e-41	HQ589260
New.CleanUp.ReferenceOTU336	k__Fungi;p__unidentified;c__unidentified;o__unidentified;f__unidentified;g__unidentified;s__unculturedfungus	2e-34	GU054037
New.CleanUp.ReferenceOTU282	k__Fungi;p__Ascomycota;c__Eurotiomycetes;o__Eurotiales;f__Trichocomaceae;g__Penicillium;s__Penicillium_concentricum	6e-44	EU551202
New.CleanUp.ReferenceOTU89	k__Fungi;p__unidentified;c__unidentified;o__unidentified;f__unidentified;g__unidentified;s__unculturedsoil_fungus	7e-44	HM037662
New.CleanUp.ReferenceOTU337	k__Fungi;p__unidentified;c__unidentified;o__unidentified;f__unidentified;g__unidentified;s__unculturedfungus	4e-42	JF720033
New.CleanUp.ReferenceOTU167	k__Fungi;p__unidentified;c__unidentified;o__unidentified;f__unidentified;g__unidentified;s__unculturedfungus	4e-42	JN905480
New.CleanUp.ReferenceOTU165	k__Fungi;p__Ascomycota;c__Saccharomycetes;o__Saccharomycetales;f__Dipodascaceae;g__Galactomyces;s__Galactomyces_geotrichum	6e-41	HQ589260
FM177661	k__Fungi;p__unidentified;c__unidentified;o__unidentified;f__unidentified;g__unidentified;s__unculturedcompost_fungus	1e-51	FM177661
New.CleanUp.ReferenceOTU160	k__Fungi;p__Ascomycota;c__Saccharomycetes;o__Saccharomycetales;f__Dipodascaceae;g__Galactomyces;s__Galactomyces_geotrichum	2e-37	DQ683112
GQ379907	k__Fungi;p__Ascomycota;c__unidentified;o__unidentified;f__unidentified;g__unidentified;s__unculturedAscomycota	5e-38	EU490021
EU551202	k__Fungi;p__Ascomycota;c__Eurotiomycetes;o__Eurotiales;f__Trichocomaceae;g__Penicillium;s__Penicillium_concentricum	2e-47	EU551202
HM069479	k__Fungi;p__Ascomycota;c__Eurotiomycetes;o__Eurotiales;f__Trichocomaceae;g__Penicillium;s__Penicillium_concentricum	7e-47	EU551202
New.CleanUp.ReferenceOTU6	k__Fungi;p__unidentified;c__unidentified;o__unidentified;f__unidentified;g__unidentified;s__unculturedfungus	8e-40	JN905480
GU934594	k__Fungi;p__Ascomycota;c__Eurotiomycetes;o__Eurotiales;f__Trichocomaceae;g__Penicillium;s__Penicillium_concentricum	1e-48	EU551202
New.CleanUp.ReferenceOTU1	k__Fungi;p__Ascomycota;c__Saccharomycetes;o__Saccharomycetales;f__Dipodascaceae;g__Dipodascus;s__Dipodascus_australiensis	2e-37	HQ115737
HQ827787	k__Fungi;p__Ascomycota;c__Eurotiomycetes;o__Eurotiales;f__Trichocomaceae;g__Penicillium;s__Penicillium_concentricum	7e-47	EU551202
New.CleanUp.ReferenceOTU309	k__Fungi;p__unidentified;c__unidentified;o__unidentified;f__unidentified;g__unidentified;s__unculturedsoil_fungus	4e-42	HM037662
New.CleanUp.ReferenceOTU9	k__Fungi;p__Ascomycota;c__Eurotiomycetes;o__Eurotiales;f__Trichocomaceae;g__Penicillium;s__Penicillium_concentricum	4e-48	EU551202
FJ430772	k__Fungi;p__Ascomycota;c__Eurotiomycetes;o__Eurotiales;f__Trichocomaceae;g__Penicillium;s__Penicillium_coprobium	3e-49	FJ430772
New.CleanUp.ReferenceOTU379	k__Fungi;p__unidentified;c__unidentified;o__unidentified;f__unidentified;g__unidentified;s__unculturedfungus	4e-39	GU370744
JF262912	k__Fungi;p__unidentified;c__unidentified;o__unidentified;f__unidentified;g__unidentified;s__unculturedfungus	3e-49	JN905480
AM410602	k__Fungi;p__Ascomycota;c__unidentified;o__unidentified;f__unidentified;g__unidentified;s__unculturedAscomycota	8e-43	EU490021
GQ851780	k__Fungi;p__Ascomycota;c__Eurotiomycetes;o__Eurotiales;f__Trichocomaceae;g__Neosartorya;s__Neosartorya_pseudofischeri	2e-37	AF459729
New.CleanUp.ReferenceOTU71	k__Fungi;p__Ascomycota;c__Saccharomycetes;o__Saccharomycetales;f__Pichiaceae;g__Pichia;s__Pichia_kudriavzevii	4e-45	DQ674351
New.CleanUp.ReferenceOTU178	k__Fungi;p__Ascomycota;c__Saccharomycetes;o__Saccharomycetales;f__Dipodascaceae;g__Galactomyces;s__Galactomyces_geotrichum	3e-46	DQ683114
New.CleanUp.ReferenceOTU179	k__Fungi;p__Ascomycota;c__Saccharomycetes;o__Saccharomycetales;f__Dipodascaceae;g__Galactomyces;s__Galactomyces_geotrichum	2e-40	HQ589260
New.CleanUp.ReferenceOTU174	k__Fungi;p__Ascomycota;c__Saccharomycetes;o__Saccharomycetales;f__Dipodascaceae;g__Dipodascus;s__Dipodascus_australiensis	9e-40	HQ115737
New.CleanUp.ReferenceOTU79	k__Fungi;p__unidentified;c__unidentified;o__unidentified;f__unidentified;g__unidentified;s__unculturedsoil_fungus	3e-39	HM037662
New.CleanUp.ReferenceOTU310	k__Fungi;p__unidentified;c__unidentified;o__unidentified;f__unidentified;g__unidentified;s__unculturedfungus	5e-35	GU054037
New.CleanUp.ReferenceOTU413	k__Fungi;p__Ascomycota;c__Saccharomycetes;o__Saccharomycetales;f__Dipodascaceae;g__Galactomyces;s__Galactomyces_geotrichum	1e-38	HQ589260
New.CleanUp.ReferenceOTU257	k__Fungi;p__unidentified;c__unidentified;o__unidentified;f__unidentified;g__unidentified;s__unculturedsoil_fungus	1e-32	HM037662
GU566244	k__Fungi;p__Ascomycota;c__Eurotiomycetes;o__Eurotiales;f__Trichocomaceae;g__Penicillium;s__Penicillium_concentricum	3e-46	EU551202
New.CleanUp.ReferenceOTU253	k__Fungi;p__Ascomycota;c__Saccharomycetes;o__Saccharomycetales;f__Dipodascaceae;g__Galactomyces;s__Galactomyces_geotrichum	1e-38	HQ589260
AF157596	k__Fungi;p__Ascomycota;c__Saccharomycetes;o__Saccharomycetales;f__Dipodascaceae;g__Dipodascus;s__Dipodascus_australiensis	7e-47	AF157596
JF720033	k__Fungi;p__unidentified;c__unidentified;o__unidentified;f__unidentified;g__unidentified;s__unculturedfungus	1e-51	JF720033
New.CleanUp.ReferenceOTU209	k__Fungi;p__Ascomycota;c__Saccharomycetes;o__Saccharomycetales;f__Dipodascaceae;g__Galactomyces;s__Galactomyces_geotrichum	6e-41	DQ680681
New.CleanUp.ReferenceOTU61	k__Fungi;p__unidentified;c__unidentified;o__unidentified;f__unidentified;g__unidentified;s__unculturedfungus	3e-39	GU054037
New.CleanUp.ReferenceOTU140	k__Fungi;p__Ascomycota;c__Saccharomycetes;o__Saccharomycetales;f__Dipodascaceae;g__Galactomyces;s__Galactomyces_geotrichum	3e-46	DQ683114
New.CleanUp.ReferenceOTU63	k__Fungi;p__Ascomycota;c__Saccharomycetes;o__Saccharomycetales;f__Dipodascaceae;g__Galactomyces;s__Galactomyces_geotrichum	4e-42	HQ589260
New.CleanUp.ReferenceOTU142	k__Fungi;p__Ascomycota;c__Saccharomycetes;o__Saccharomycetales;f__Dipodascaceae;g__Galactomyces;s__Galactomyces_geotrichum	1e-35	DQ683112
New.CleanUp.ReferenceOTU145	k__Fungi;p__Ascomycota;c__Saccharomycetes;o__Saccharomycetales;f__Incertae_sedis;g__Candida;s__Candida_catenulata	9e-40	EF199746
New.CleanUp.ReferenceOTU64	k__Fungi;p__Ascomycota;c__Saccharomycetes;o__Saccharomycetales;f__Dipodascaceae;g__Galactomyces;s__Galactomyces_geotrichum	3e-39	HQ589260
New.CleanUp.ReferenceOTU246	k__Fungi;p__Ascomycota;c__Saccharomycetes;o__Saccharomycetales;f__Dipodascaceae;g__Galactomyces;s__Galactomyces_geotrichum	4e-42	HQ589260
DQ267827	k__Fungi;p__Ascomycota;c__Eurotiomycetes;o__Eurotiales;f__Trichocomaceae;g__Neosartorya;s__Neosartorya_pseudofischeri	3e-42	AF459729
New.CleanUp.ReferenceOTU380	k__Fungi;p__Ascomycota;c__Saccharomycetes;o__Saccharomycetales;f__Dipodascaceae;g__Galactomyces;s__Galactomyces_geotrichum	4e-42	HQ589260
FJ552897	k__Fungi;p__Ascomycota;c__Eurotiomycetes;o__Eurotiales;f__Trichocomaceae;g__Penicillium;s__Penicillium_concentricum	7e-47	EU551202
New.CleanUp.ReferenceOTU236	k__Fungi;p__Ascomycota;c__Saccharomycetes;o__Saccharomycetales;f__Incertae_sedis;g__Candida;s__Candida_catenulata	4e-35	EF199746
GU565140	k__Fungi;p__Ascomycota;c__Eurotiomycetes;o__Eurotiales;f__Trichocomaceae;g__Penicillium;s__Penicillium_concentricum	3e-46	EU551202
DQ681373	k__Fungi;p__unidentified;c__unidentified;o__unidentified;f__unidentified;g__unidentified;s__unculturedfungus	2e-43	JF720033
GU187864	k__Fungi;p__unidentified;c__unidentified;o__unidentified;f__unidentified;g__unidentified;s__unculturedfungus	2e-44	GU187864
New.CleanUp.ReferenceOTU245	k__Fungi;p__Ascomycota;c__Eurotiomycetes;o__Eurotiales;f__Trichocomaceae;g__Penicillium;s__Penicillium_concentricum	7e-44	EU551202
New.CleanUp.ReferenceOTU249	k__Fungi;p__Ascomycota;c__Saccharomycetes;o__Saccharomycetales;f__Dipodascaceae;g__Galactomyces;s__Galactomyces_geotrichum	1e-38	HQ589260
JF933755	k__Fungi;p__Ascomycota;c__Sordariomycetes;o__Hypocreales;f__unidentified;g__unidentified;s__unculturedHypocreales	8e-40	FJ554224
GQ999201	k__Fungi;p__Ascomycota;c__Eurotiomycetes;o__Eurotiales;f__Trichocomaceae;g__Penicillium;s__Penicillium_concentricum	3e-49	EU551202
New.CleanUp.ReferenceOTU157	k__Fungi;p__Ascomycota;c__Saccharomycetes;o__Saccharomycetales;f__Dipodascaceae;g__Galactomyces;s__Galactomyces_geotrichum	2e-34	DQ683114
New.CleanUp.ReferenceOTU154	k__Fungi;p__Ascomycota;c__Saccharomycetes;o__Saccharomycetales;f__Dipodascaceae;g__Dipodascus;s__Dipodascus_australiensis	2e-37	AF157596
HM069364	k__Fungi;p__unidentified;c__unidentified;o__unidentified;f__unidentified;g__unidentified;s__unculturedfungus	2e-44	JN905480
JN905595	k__Fungi;p__Ascomycota;c__Sordariomycetes;o__Hypocreales;f__unidentified;g__unidentified;s__unculturedHypocreales	2e-37	FJ554224
JF449887	k__Fungi;p__Ascomycota;c__Sordariomycetes;o__Hypocreales;f__unidentified;g__unidentified;s__unculturedHypocreales	1e-41	FJ554224
New.CleanUp.ReferenceOTU49	k__Fungi;p__Ascomycota;c__Eurotiomycetes;o__Eurotiales;f__Trichocomaceae;g__Penicillium;s__Penicillium_concentricum	6e-44	EU551202
New.CleanUp.ReferenceOTU43	k__Fungi;p__unidentified;c__unidentified;o__unidentified;f__unidentified;g__unidentified;s__unculturedfungus	1e-39	GU054037
New.CleanUp.ReferenceOTU42	k__Fungi;p__Ascomycota;c__Saccharomycetes;o__Saccharomycetales;f__Dipodascaceae;g__Galactomyces;s__Galactomyces_geotrichum	2e-38	JF907594
New.CleanUp.ReferenceOTU40	k__Fungi;p__unidentified;c__unidentified;o__unidentified;f__unidentified;g__unidentified;s__unculturedfungus	4e-48	GU054037
New.CleanUp.ReferenceOTU47	k__Fungi;p__Ascomycota;c__Saccharomycetes;o__Saccharomycetales;f__Dipodascaceae;g__Galactomyces;s__Galactomyces_geotrichum	2e-41	HQ589260
GU054037	k__Fungi;p__unidentified;c__unidentified;o__unidentified;f__unidentified;g__unidentified;s__unculturedfungus	3e-49	GU054037
New.CleanUp.ReferenceOTU237	k__Fungi;p__Ascomycota;c__Saccharomycetes;o__Saccharomycetales;f__Dipodascaceae;g__Galactomyces;s__Galactomyces_geotrichum	2e-40	HQ589260
FJ553653	k__Fungi;p__Ascomycota;c__Sordariomycetes;o__Hypocreales;f__unidentified;g__unidentified;s__unculturedHypocreales	3e-36	FJ554224
HQ115737	k__Fungi;p__Ascomycota;c__Saccharomycetes;o__Saccharomycetales;f__Dipodascaceae;g__Dipodascus;s__Dipodascus_australiensis	1e-51	HQ115737
New.CleanUp.ReferenceOTU231	k__Fungi;p__Ascomycota;c__Saccharomycetes;o__Saccharomycetales;f__Dipodascaceae;g__Galactomyces;s__Galactomyces_geotrichum	2e-34	DQ683112
DQ683114	k__Fungi;p__Ascomycota;c__Saccharomycetes;o__Saccharomycetales;f__Dipodascaceae;g__Galactomyces;s__Galactomyces_geotrichum	3e-46	DQ683114
New.CleanUp.ReferenceOTU323	k__Fungi;p__unidentified;c__unidentified;o__unidentified;f__unidentified;g__unidentified;s__unculturedfungus	1e-38	JN905480
New.CleanUp.ReferenceOTU322	k__Fungi;p__Ascomycota;c__Saccharomycetes;o__Saccharomycetales;f__Dipodascaceae;g__Dipodascus;s__Dipodascus_australiensis	4e-42	HQ115737
GQ458026	k__Fungi;p__Ascomycota;c__Eurotiomycetes;o__Eurotiales;f__Trichocomaceae;g__Neosartorya;s__Neosartorya_pseudofischeri	3e-39	AF459729
New.CleanUp.ReferenceOTU327	k__Fungi;p__unidentified;c__unidentified;o__unidentified;f__unidentified;g__unidentified;s__unculturedfungus	4e-42	GU370744
New.CleanUp.ReferenceOTU326	k__Fungi;p__Ascomycota;c__Saccharomycetes;o__Saccharomycetales;f__Dipodascaceae;g__Galactomyces;s__Galactomyces_geotrichum	2e-38	DQ680681
JQ912669	k__Fungi;p__Ascomycota;c__Sordariomycetes;o__Hypocreales;f__Nectriaceae;g__Neonectria;s__Neonectria_radicicola	5e-41	FJ205457
New.CleanUp.ReferenceOTU232	k__Fungi;p__unidentified;c__unidentified;o__unidentified;f__unidentified;g__unidentified;s__unculturedsoil_fungus	4e-42	HM037662
FJ777353	k__Fungi;p__Ascomycota;c__Sordariomycetes;o__Hypocreales;f__unidentified;g__unidentified;s__unculturedHypocreales	5e-38	JF449598
